smiles,IC50_uM,pIC50,bin_activity,Standard Value,Standard Units,Standard Relation,Assay Organism,Target ChEMBL ID,Target Name,serotype
O=C(Nc1ccc2c(c1)CNC2)c1cc(F)cc2[nH]c(-c3ccccc3F)nc12,3.856,5.413862974769207,1,3856.0,nM,'=',dengue virus type 1,CHEMBL5705862,NS3 protease,1
O=C(NC1CCOCC1)[C@H](Nc1ccc2c(c1)CNC2)c1cc(Cl)cc2[nH]ncc12,99.5,4.002176919254275,0,99500.0,nM,'>',dengue virus type 1,CHEMBL5705862,NS3 protease,1
O=C(Nc1ccc2c(c1)CNC2)c1cc(F)c2[nH]ccc2c1,99.5,4.002176919254275,0,99500.0,nM,'>',dengue virus type 1,CHEMBL5705862,NS3 protease,1
O=C(NCCC1CC1)[C@H](Nc1ccc2c(c1)CNC2)c1cc(Cl)cc(C2CC2)c1,99.5,4.002176919254275,0,99500.0,nM,'>',dengue virus type 1,CHEMBL5705862,NS3 protease,1
C=CC[C@H]1NCc2cc(NC(=O)c3cccc4c3CC(=O)N4)ccc21,99.5,4.002176919254275,0,99500.0,nM,'>',dengue virus type 1,CHEMBL5705862,NS3 protease,1
C=CC[C@H]1NCc2cc(N[C@H](C(=O)NC(C)C)c3cc(Cl)cc4[nH]ncc34)ccc21,81.831,4.087082141579271,0,81831.0,nM,'=',dengue virus type 1,CHEMBL5705862,NS3 protease,1
O=C(Nc1cc2c(cc1Br)CNC2)c1cc(F)cc2[nH]ncc12,99.5,4.002176919254275,0,99500.0,nM,'>',dengue virus type 1,CHEMBL5705862,NS3 protease,1
O=C(Nc1ccc2c(c1)CNC2)c1cc(Cl)cc2cc[nH]c12,99.5,4.002176919254275,0,99500.0,nM,'>',dengue virus type 1,CHEMBL5705862,NS3 protease,1
O=C1Cc2cc(C(=O)Nc3ccc4c(c3)CNC4)ccc2N1,4.473,5.349401101827343,1,4473.0,nM,'=',dengue virus type 1,CHEMBL5705862,NS3 protease,1
O=C(Nc1cc2c(c(C3=CCOCC3)c1)CNC2)c1cc(F)cc2[nH]ncc12,39.867,4.399386443857686,0,39867.0,nM,'=',dengue virus type 1,CHEMBL5705862,NS3 protease,1
NCc1cccc(-c2csc3cc(C(=O)Nc4ccc5c(c4)CNC5)ccc23)c1,29.855,4.5249829244822015,0,29855.0,nM,'=',dengue virus type 1,CHEMBL5705862,NS3 protease,1
O=C(Nc1cc(Cl)cc(C(=O)Nc2ccc3c(c2)CNC3)c1)OCc1ccccc1,99.5,4.002176919254275,0,99500.0,nM,'>',dengue virus type 1,CHEMBL5705862,NS3 protease,1
Cc1c(C(=O)Nc2cc(CCCN)ccn2)cc(C2CC2)n1C,25.482,4.593766488625677,0,25482.0,nM,'=',dengue virus type 1,CHEMBL5705862,NS3 protease,1
C=CC[C@H](Nc1cc(Cl)cc(NC(=O)OCc2ccccc2)c1)c1cccc(-c2nn[nH]n2)c1,6.406,5.193413065672197,1,6406.0,nM,'=',dengue virus type 1,CHEMBL5705862,NS3 protease,1
NCc1cccc([C@H]2C[C@@H]2c2cc(Cl)cc(NC(=O)OCc3ccccc3)c2)c1,25.334,4.5962962337870925,0,25334.0,nM,'=',dengue virus type 1,CHEMBL5705862,NS3 protease,1
O=C(Nc1cc2c(c(C3=CCS(=O)(=O)CC3)c1)CNC2)c1cc(F)cc2[nH]ncc12,99.5,4.002176919254275,0,99500.0,nM,'>',dengue virus type 1,CHEMBL5705862,NS3 protease,1
CC(C)(c1nc2c(C(=O)Nc3ccc4c(c3)CNC4)cc(F)cc2[nH]1)S(C)(=O)=O,16.069,4.794011149247549,0,16069.0,nM,'=',dengue virus type 1,CHEMBL5705862,NS3 protease,1
NCCc1csc2cc(C(=O)Nc3ccc4c(c3)CNC4)ccc12,99.5,4.002176919254275,0,99500.0,nM,'>',dengue virus type 1,CHEMBL5705862,NS3 protease,1
O=C(NCC(F)F)[C@H](Nc1ccc2c(c1)CNC2)c1cc(F)cc2[nH]ccc12,99.5,4.002176919254275,0,99500.0,nM,'>',dengue virus type 1,CHEMBL5705862,NS3 protease,1
O=C(Nc1ccc2c(c1)CNC2)c1cc(Cl)cc2nn(-c3ccccc3)nc12,2.69,5.570247719997592,1,2690.0,nM,'=',dengue virus type 1,CHEMBL5705862,NS3 protease,1
Cc1cccc(-c2nc3c(C(=O)Nc4ccc5c(c4)CNC5)cc(Cl)cc3[nH]2)c1O,4.255,5.371100435579393,1,4255.0,nM,'=',dengue virus type 1,CHEMBL5705862,NS3 protease,1
CC(C)NC(=O)[C@H](Nc1ccc2c(c1)CNC2)c1cc(Cl)cc2[nH]c(-c3ccccc3)nc12,7.461,5.127202960010401,1,7461.0,nM,'=',dengue virus type 1,CHEMBL5705862,NS3 protease,1
O=C(NCC(F)F)[C@H](Nc1ccc2c(c1)CNC2)c1cc(Cl)cc(C2CC2)c1,99.5,4.002176919254275,0,99500.0,nM,'>',dengue virus type 1,CHEMBL5705862,NS3 protease,1
O=C(Nc1ccc2c(c1)CNC2)c1cc(Br)cc2[nH]c(=O)[nH]c12,32.728,4.485080533509683,0,32728.0,nM,'=',dengue virus type 1,CHEMBL5705862,NS3 protease,1
Clc1cc([C@@H]2C[C@H]2c2cccc(C3CCNCC3)c2)c2cn[nH]c2c1,5.945,5.225848141045289,1,5945.0,nM,'=',dengue virus type 1,CHEMBL5705862,NS3 protease,1
O=C1Cc2c(cc(Br)cc2C(=O)Nc2ccc3c(c2)CNC3)N1,84.55,4.072886388066239,0,84550.0,nM,'=',dengue virus type 1,CHEMBL5705862,NS3 protease,1
O=C(Nc1ccc2c(c1)CNC2)c1cc(Br)cc2[nH]ccc12,34.724,4.459370252450976,0,34724.0,nM,'=',dengue virus type 1,CHEMBL5705862,NS3 protease,1
CNC(=O)[C@H](Nc1cc(CN)cc(C(=O)O)c1)c1cc(Cl)cc(C2CC2)c1,99.5,4.002176919254275,0,99500.0,nM,'>',dengue virus type 1,CHEMBL5705862,NS3 protease,1
CC(C)(C)c1cc(Br)cc(C(=O)Nc2ccc3c(c2)CNC3)c1,99.5,4.002176919254275,0,99500.0,nM,'>',dengue virus type 1,CHEMBL5705862,NS3 protease,1
O=C(Nc1ccc2c(c1)CNCC2)c1cc(Cl)cc2[nH]ncc12,99.5,4.002176919254275,0,99500.0,nM,'>',dengue virus type 1,CHEMBL5705862,NS3 protease,1
Clc1ccc2[nH]cc(Cc3ccc(-c4nn[nH]n4)cc3)c2c1,62.907,4.201301025584539,0,62907.0,nM,'=',dengue virus type 1,CHEMBL5705862,NS3 protease,1
N[C@H]1CC[C@H](c2ccc(NC(=O)c3cc(Cl)cc(NC(=O)OCc4ccccc4)c3)cc2)C1,8.493,5.0709388759152345,1,8493.0,nM,'=',dengue virus type 1,CHEMBL5705862,NS3 protease,1
N=C(N)NCCC[C@H](NC(=O)c1nccs1)C(=O)N[C@@H](CCCCN)C(=O)N[C@@H](C(N)=O)c1ccc(OCc2ccc(C(F)(F)F)cc2)cc1,1.033,5.985899678480379,1,1033.0,nM,'=',dengue virus type 1,CHEMBL5705862,NS3 protease,1
N=C(N)NCCC[C@H](NC(=O)[C@H](Cc1ccc(CN)cc1)NC(=O)c1ccccc1)B(O)O,0.315,6.501689446210399,1,315.0,nM,'=',dengue virus type 1,CHEMBL5705862,NS3 protease,1
NCc1ccc([C@H]2C[C@@H]2c2cc(Cl)cc(NC(=O)OCc3ccccc3)c2)cc1,8.889,5.051147093800287,1,8889.0,nM,'=',dengue virus type 1,CHEMBL5705862,NS3 protease,1
O=C(Nc1cc(Cl)cc(C(=O)Nc2ccc3c(c2)CCNC3)c1)OCc1ccccc1,47.725,4.321254062934296,0,47725.0,nM,'=',dengue virus type 1,CHEMBL5705862,NS3 protease,1
O=C1Cc2c(cccc2C(=O)Nc2ccc3c(c2)CNC3)N1,11.306,4.9466910188759,0,11306.0,nM,'=',dengue virus type 1,CHEMBL5705862,NS3 protease,1
O=C(Nc1ccc2c(c1)CNC2)c1cc(Br)cc2ccccc12,83.668,4.077440612266171,0,83668.0,nM,'=',dengue virus type 1,CHEMBL5705862,NS3 protease,1
OCC#C[C@H](Nc1ccc2c(c1)CNC2)c1cc(Cl)cc2[nH]ncc12,19.396,4.712287824556514,0,19396.0,nM,'=',dengue virus type 1,CHEMBL5705862,NS3 protease,1
N#C[C@H](Nc1ccc2c(c1)CNC2)c1cc(Cl)cc2[nH]ncc12,99.5,4.002176919254275,0,99500.0,nM,'>',dengue virus type 1,CHEMBL5705862,NS3 protease,1
N=C(N)NCCC[C@H](NC(=O)[C@H](Cc1ccc(CN)cc1)NC(=O)c1ccccc1)B(O)O,0.31,6.508638306165727,1,310.0,nM,'=',dengue virus type 1,CHEMBL5705862,NS3 protease,1
O=C(Nc1ccc2c(c1)CNC2)c1cccc2c(C3CNC3)n[nH]c12,92.913,4.0319235170798144,0,92913.0,nM,'=',dengue virus type 1,CHEMBL5705862,NS3 protease,1
O=C(Nc1ccc2c(c1)CNC2)c1cc(F)cc2[nH]c(-c3ccc(F)cc3)nc12,2.796,5.553462832926356,1,2796.0,nM,'=',dengue virus type 1,CHEMBL5705862,NS3 protease,1
NCc1csc2cc(C(=O)Nc3ccc4c(c3)CNC4)ccc12,9.985,5.000651930793278,1,9985.0,nM,'=',dengue virus type 1,CHEMBL5705862,NS3 protease,1
NCc1ccc(-c2csc3cc(C(=O)Nc4ccc5c(c4)CNC5)ccc23)cc1,31.66,4.499489089473663,0,31660.0,nM,'=',dengue virus type 1,CHEMBL5705862,NS3 protease,1
N#Cc1cccc(-c2nc3c(C(=O)Nc4ccc5c(c4)CNC5)cc(F)cc3[nH]2)c1,2.412,5.617622696531886,1,2412.0,nM,'=',dengue virus type 1,CHEMBL5705862,NS3 protease,1
O=C(Nc1ccc2c(c1)CNC2)c1ccc2c(C3=CCNCC3)csc2c1,56.25,4.2498774732166,0,56250.0,nM,'=',dengue virus type 1,CHEMBL5705862,NS3 protease,1
N=C(N)NCCC[C@H](NC(=O)c1nccs1)C(=O)N[C@@H](CCCCN)C(=O)N[C@@H](C(N)=O)c1ccc(OCc2ccc(C(F)(F)F)cc2)cc1,0.926,6.033389013318065,1,926.0,nM,'=',dengue virus type 1,CHEMBL5705862,NS3 protease,1
CC(C)c1cc(Br)cc(C(=O)Nc2ccc3c(c2)CNC3)c1,99.5,4.002176919254275,0,99500.0,nM,'>',dengue virus type 1,CHEMBL5705862,NS3 protease,1
O=C(Nc1ccc2c(c1)CNC2)c1cc(Cl)cc2c1CCC2,99.5,4.002176919254275,0,99500.0,nM,'>',dengue virus type 1,CHEMBL5705862,NS3 protease,1
N=C(N)NCCC[C@H](NC(=O)c1nccs1)C(=O)N[C@@H](CCCCN)C(=O)N[C@@H](C(N)=O)c1ccc(OCc2ccc(C(F)(F)F)cc2)cc1,1.028,5.988006885340743,1,1028.0,nM,'=',dengue virus type 1,CHEMBL5705862,NS3 protease,1
Cc1c(C(=O)Nc2cc(-c3cccnc3)ccn2)cc(C2CC2)n1C,4.832,5.315873074386925,1,4832.0,nM,'=',dengue virus type 1,CHEMBL5705862,NS3 protease,1
O=C(Nc1ccc2c(c1)CNC2)c1cccc2[nH]c(=O)[nH]c12,65.525,4.183592970381362,0,65525.0,nM,'=',dengue virus type 1,CHEMBL5705862,NS3 protease,1
CNC(=O)[C@H](Nc1cc(Cl)cc(NC(=O)OCc2ccccc2)c1)c1cccc(-c2nn[nH]n2)c1,46.518,4.332378965646849,0,46518.0,nM,'=',dengue virus type 1,CHEMBL5705862,NS3 protease,1
N=C(N)NCCC[C@H](NC(=O)c1nccs1)C(=O)N[C@@H](CCCCN)C(=O)N[C@@H](C(N)=O)c1ccc(OCc2ccc(C(F)(F)F)cc2)cc1,1.0,6.0,1,1000.0,nM,'=',dengue virus type 1,CHEMBL5705862,NS3 protease,1
N=C(N)NCCC[C@H](NC(=O)c1nccs1)C(=O)N[C@@H](CCCCN)C(=O)N[C@@H](C(N)=O)c1ccc(OCc2ccc(C(F)(F)F)cc2)cc1,1.695,5.770830297460899,1,1695.0,nM,'=',dengue virus type 1,CHEMBL5705862,NS3 protease,1
O=C(Nc1ccc2c(c1)CNC2)c1cc(F)cc2[nH]c(-c3ccccc3)nc12,3.672,5.435097327470795,1,3672.0,nM,'=',dengue virus type 1,CHEMBL5705862,NS3 protease,1
Cc1nc2c(C(=O)Nc3ccc4c(c3)CNC4)cc(Cl)cc2[nH]1,99.5,4.002176919254275,0,99500.0,nM,'>',dengue virus type 1,CHEMBL5705862,NS3 protease,1
CNC(=O)[C@H](Nc1ccc2c(c1)CNC2)c1cc(Cl)cc(C2CC2)c1,99.5,4.002176919254275,0,99500.0,nM,'>',dengue virus type 1,CHEMBL5705862,NS3 protease,1
O=C(NC1CCOCC1)[C@H](Nc1ccc2c(c1)CNC2)c1cc(Cl)cc(C2CC2)c1,99.5,4.002176919254275,0,99500.0,nM,'>',dengue virus type 1,CHEMBL5705862,NS3 protease,1
Cn1cc(CNC(=O)[C@H](Nc2ccc3c(c2)CNC3)c2cc(Cl)cc(C3CC3)c2)cn1,99.5,4.002176919254275,0,99500.0,nM,'>',dengue virus type 1,CHEMBL5705862,NS3 protease,1
Clc1cc(CNc2ccc3c(c2)CNC3)c2cn[nH]c2c1,30.908,4.509929096427009,0,30908.0,nM,'=',dengue virus type 1,CHEMBL5705862,NS3 protease,1
O=C(Nc1ccc2c(c1)CNC2)c1cc(F)cc2[nH]ncc12,68.23,4.166024628720094,0,68230.0,nM,'=',dengue virus type 1,CHEMBL5705862,NS3 protease,1
O=C(Nc1ccc2c(c1)CNC2)c1cccc(-c2cnco2)c1,20.321,4.692054924154069,0,20321.0,nM,'=',dengue virus type 1,CHEMBL5705862,NS3 protease,1
Cn1cc(CCc2nc3c(C(=O)Nc4ccc5c(c4)CNC5)cc(Cl)cc3[nH]2)cn1,21.587,4.665807708475127,0,21587.0,nM,'=',dengue virus type 1,CHEMBL5705862,NS3 protease,1
N#Cc1ccc(-c2nc3c(C(=O)Nc4ccc5c(c4)CNC5)cc(F)cc3[nH]2)cc1,1.68,5.774690718274138,1,1680.0,nM,'=',dengue virus type 1,CHEMBL5705862,NS3 protease,1
O=C(Nc1ccc2c(c1)CNC2)c1ccc2[nH]cc(C3CCNCC3)c2c1,31.174,4.5062074689303335,0,31174.0,nM,'=',dengue virus type 1,CHEMBL5705862,NS3 protease,1
O=C(Nc1ccc2c(c1)CNC2)c1cc(Cl)cc2[nH]ncc12,69.217,4.159787227805255,0,69217.0,nM,'=',dengue virus type 1,CHEMBL5705862,NS3 protease,1
O=C(Nc1cc(Cl)cc([C@H]2CN(Cc3ccccc3)C[C@@H]2c2cccc(-c3nn[nH]n3)c2)c1)OCc1ccccc1,6.635,5.178159072799546,1,6635.0,nM,'=',dengue virus type 1,CHEMBL5705862,NS3 protease,1
O=C(Nc1cc(Cl)cc([C@H]2C[C@@H]2c2cccc(C3CCNCC3)c2)c1)OCc1ccccc1,6.279,5.202109516941651,1,6279.0,nM,'=',dengue virus type 1,CHEMBL5705862,NS3 protease,1
NCc1cccc(NC(=O)c2cc(Cl)cc(NC(=O)OCc3ccccc3)c2)c1,51.118,4.2914261463589565,0,51118.0,nM,'=',dengue virus type 1,CHEMBL5705862,NS3 protease,1
C=CC[C@H]1NCc2cc(NC(=O)c3cc(F)cc4[nH]ncc34)ccc21,99.5,4.002176919254275,0,99500.0,nM,'>',dengue virus type 1,CHEMBL5705862,NS3 protease,1
O=C(Nc1ccc2c(c1)CNC2)c1cccc2nc(O)ccc12,99.5,4.002176919254275,0,99500.0,nM,'>',dengue virus type 1,CHEMBL5705862,NS3 protease,1
O=C(Nc1ccc2c(c1)CNC2)c1cccc2[nH]c(C(F)(F)F)cc12,99.5,4.002176919254275,0,99500.0,nM,'>',dengue virus type 1,CHEMBL5705862,NS3 protease,1
CC(C)c1nnc(-c2nc3c(C(=O)Nc4ccc5c(c4)CNC5)cc(F)cc3[nH]2)s1,21.779,4.661962065096875,0,21779.0,nM,'=',dengue virus type 1,CHEMBL5705862,NS3 protease,1
Cc1ccccc1-c1nc2c(C(=O)Nc3ccc4c(c3)CNC4)cc(F)cc2[nH]1,2.189,5.659754238432068,1,2189.0,nM,'=',dengue virus type 1,CHEMBL5705862,NS3 protease,1
COc1cccc(-c2nc3c(C(=O)Nc4ccc5c(c4)CNC5)cc(F)cc3[nH]2)c1,5.415,5.266401539038661,1,5415.0,nM,'=',dengue virus type 1,CHEMBL5705862,NS3 protease,1
O=C(Nc1cc(Cl)cc([C@H](C#CCO)Nc2cccc(-c3nn[nH]n3)c2)c1)OCc1ccccc1,12.72,4.895512888687605,0,12720.0,nM,'=',dengue virus type 1,CHEMBL5705862,NS3 protease,1
Cc1ccc(NC(=O)c2cc(Cl)cc(NC(=O)OCc3ccccc3)c2)cc1CN,99.5,4.002176919254275,0,99500.0,nM,'>',dengue virus type 1,CHEMBL5705862,NS3 protease,1
O=C(Nc1cc(Cl)cc(C(=O)Nc2cccc([C@H]3C[C@H]3C(=O)O)c2)c1)OCc1ccccc1,25.164,4.599220323487032,0,25164.0,nM,'=',dengue virus type 1,CHEMBL5705862,NS3 protease,1
N#C[C@H](Nc1cccc(-c2nn[nH]n2)c1)c1cc(Cl)cc(NC(=O)OCc2ccccc2)c1,10.024,4.998958942013906,0,10024.0,nM,'=',dengue virus type 1,CHEMBL5705862,NS3 protease,1
CC(C)CNC(=O)c1cc(Cl)ccc1NS(=O)(=O)c1ccc(Oc2ccccc2Cl)cc1,14.372,4.842482791467388,0,14372.0,nM,'=',dengue virus type 1,CHEMBL5705862,NS3 protease,1
O=C(Nc1cc(Cl)cc(C(=O)Nc2cccc(-n3nn[nH]c3=O)c2)c1)OCc1ccccc1,11.555,4.937230050184872,0,11555.0,nM,'=',dengue virus type 1,CHEMBL5705862,NS3 protease,1
O=C(Nc1cc(Cl)cc(-c2ccc3[nH]c(C(=O)O)cc3c2)c1)OCc1ccccc1,5.819,5.235151642806589,1,5819.0,nM,'=',dengue virus type 1,CHEMBL5705862,NS3 protease,1
Cc1c(C(=O)Nc2cc([C@H]3CCOC3)ccn2)cc(C2CC2)n1C,99.5,4.002176919254275,0,99500.0,nM,'>',dengue virus type 1,CHEMBL5705862,NS3 protease,1
COCCNC(=O)[C@H](Nc1ccc2c(c1)CNC2)c1cc(Cl)cc(C2CC2)c1,99.5,4.002176919254275,0,99500.0,nM,'>',dengue virus type 1,CHEMBL5705862,NS3 protease,1
O=C(Nc1ccc2c(c1)CNC2)c1cccc2cn[nH]c12,49.934,4.301603643070731,0,49934.0,nM,'=',dengue virus type 1,CHEMBL5705862,NS3 protease,1
CC(C)NC(=O)[C@H](Nc1ccc2c(c1)CNC2)c1cc(Cl)cc2[nH]c(-c3ccccc3)nc12,2.056,5.686976889676762,1,2056.0,nM,'=',dengue virus type 1,CHEMBL5705862,NS3 protease,1
Cc1cccc(-c2nc3c(C(=O)Nc4ccc5c(c4)CNC5)cc(F)cc3[nH]2)c1,5.919,5.227751660028146,1,5919.0,nM,'=',dengue virus type 1,CHEMBL5705862,NS3 protease,1
O=C(Nc1ccc2c(c1)CNC2)c1cc(Cl)cc(C(F)(F)F)n1,7.254,5.139422448755584,1,7254.0,nM,'=',dengue virus type 1,CHEMBL5705862,NS3 protease,1
C=CC[C@H]1NCc2cc(NC(=O)c3cc(Cl)cc4[nH]ncc34)ccc21,99.5,4.002176919254275,0,99500.0,nM,'>',dengue virus type 1,CHEMBL5705862,NS3 protease,1
CCOCCNC(=O)[C@H](Nc1ccc2c(c1)CNC2)c1cc(Cl)cc2[nH]ncc12,99.5,4.002176919254275,0,99500.0,nM,'>',dengue virus type 1,CHEMBL5705862,NS3 protease,1
O=C(Nc1ccc2c(c1)CNC2)c1cc(Cl)cc2cn[nH]c12,99.5,4.002176919254275,0,99500.0,nM,'>',dengue virus type 1,CHEMBL5705862,NS3 protease,1
N#C[C@H](Nc1ccc2c(c1)CNC2)c1cc(Cl)cc(C2CC2)c1,99.5,4.002176919254275,0,99500.0,nM,'>',dengue virus type 1,CHEMBL5705862,NS3 protease,1
N=C(N)NCCC[C@H](NC(=O)c1nccs1)C(=O)N[C@@H](CCCCN)C(=O)N[C@@H](C(N)=O)c1ccc(OCc2ccc(C(F)(F)F)cc2)cc1,0.865,6.062983892535186,1,865.0,nM,'=',dengue virus type 1,CHEMBL5705862,NS3 protease,1
O=C1Cc2c(cc(F)cc2C(=O)Nc2ccc3c(c2)CNC3)N1,36.199,4.4413034267176785,0,36199.0,nM,'=',dengue virus type 1,CHEMBL5705862,NS3 protease,1
O=C(Nc1ccc2c(c1)CNC2)c1cc(F)cc2[nH]c(-c3cccc(F)c3)nc12,2.687,5.5707323335668315,1,2687.0,nM,'=',dengue virus type 1,CHEMBL5705862,NS3 protease,1
CN1Cc2ccc(NC(=O)c3cc(Cl)cc4[nH]ncc34)cc2C1,99.5,4.002176919254275,0,99500.0,nM,'>',dengue virus type 1,CHEMBL5705862,NS3 protease,1
O=C(Nc1cc(Br)c2c(c1)CNC2)c1cc(F)cc2[nH]ncc12,75.519,4.121943769469485,0,75519.0,nM,'=',dengue virus type 1,CHEMBL5705862,NS3 protease,1
O=C(Nc1ccc2c(c1)CNC2)c1cc(F)cc2c1CCC2,99.5,4.002176919254275,0,99500.0,nM,'>',dengue virus type 1,CHEMBL5705862,NS3 protease,1
CC(C)NC(=O)[C@H](Nc1ccc2c(c1)CNC2)c1cc(Cl)cc2[nH]ncc12,34.366,4.46387101424108,0,34366.0,nM,'=',dengue virus type 1,CHEMBL5705862,NS3 protease,1
CNC(=O)[C@H](Nc1cc(CN)cc(-c2nn[nH]n2)c1)c1cc(Cl)cc(C2CC2)c1,99.5,4.002176919254275,0,99500.0,nM,'>',dengue virus type 1,CHEMBL5705862,NS3 protease,1
O=C(Nc1ccc2c(c1)CNC2)c1cc(Cl)cc2ccncc12,99.5,4.002176919254275,0,99500.0,nM,'>',dengue virus type 1,CHEMBL5705862,NS3 protease,1
Cn1cc2cc(Cl)cc(C(=O)Nc3ccc4c(c3)CNC4)c2n1,99.5,4.002176919254275,0,99500.0,nM,'>',dengue virus type 1,CHEMBL5705862,NS3 protease,1
O=C(Nc1ccc2c(c1)CNC2)c1ccc2[nH]ccc2c1,99.5,4.002176919254275,0,99500.0,nM,'>',dengue virus type 1,CHEMBL5705862,NS3 protease,1
N#Cc1cc2c(cc1NC(=O)c1cc(F)cc3[nH]ncc13)CNC2,59.669,4.2242512404887504,0,59669.0,nM,'=',dengue virus type 1,CHEMBL5705862,NS3 protease,1
CCc1cc(C(=O)Nc2cccc(-n3nn[nH]c3=O)c2)sc1-c1ccc(Cl)cc1,11.401,4.943057054327123,0,11401.0,nM,'=',dengue virus type 1,CHEMBL5705862,NS3 protease,1
O=C(NCC(F)F)[C@H](Nc1ccc2c(c1)CNC2)c1cc(F)cc2[nH]ncc12,99.5,4.002176919254275,0,99500.0,nM,'>',dengue virus type 1,CHEMBL5705862,NS3 protease,1
c1cc(C2CCN(Cc3c[nH]c4ccccc34)CC2)c2ccncc2c1,99.5,4.002176919254275,0,99500.0,nM,'>',dengue virus type 1,CHEMBL5705862,NS3 protease,1
N=C(N)NCCC[C@H](NC(=O)c1nccs1)C(=O)N[C@@H](CCCCN)C(=O)N[C@@H](C(N)=O)c1ccc(OCc2ccc(C(F)(F)F)cc2)cc1,0.92,6.036212172654444,1,920.0,nM,'=',dengue virus type 1,CHEMBL5705862,NS3 protease,1
Cc1[nH]c2ccccc2c1CN1CCC(c2c[nH]c3ncccc23)CC1,99.5,4.002176919254275,0,99500.0,nM,'>',dengue virus type 1,CHEMBL5705862,NS3 protease,1
O=C1Cc2cc(C(=O)Nc3ccc4c(c3)CNC4)ccc2N1,5.256,5.279344643448276,1,5256.0,nM,'=',dengue virus type 1,CHEMBL5705862,NS3 protease,1
Cn1c(=O)[nH]c2c(C(=O)Nc3ccc4c(c3)CNC4)cc(Br)cc21,99.5,4.002176919254275,0,99500.0,nM,'>',dengue virus type 1,CHEMBL5705862,NS3 protease,1
O=C(Nc1ccc2c(c1)CNC2)c1cc(Br)cc2[nH]c(-c3ccccc3)nc12,1.242,5.905878404159439,1,1242.0,nM,'=',dengue virus type 1,CHEMBL5705862,NS3 protease,1
NCCc1csc2cc(C(=O)Nc3cc([C@H]4CCOC4)ccn3)ccc12,99.5,4.002176919254275,0,99500.0,nM,'>',dengue virus type 1,CHEMBL5705862,NS3 protease,1
COc1cc(-c2cc(NC(=O)c3cc(F)cc4[nH]ncc34)cc3c2CNC3)ccn1,82.838,4.08177039504475,0,82838.0,nM,'=',dengue virus type 1,CHEMBL5705862,NS3 protease,1
O=C(Nc1cc2c(c(C3=CCOCC3)c1)CNC2)c1cc(F)cc2[nH]ncc12,8.469,5.072167867133418,1,8469.0,nM,'=',dengue virus type 3,CHEMBL5705863,NS3 protease,3
COc1cc(-c2cc(NC(=O)c3cc(F)cc4[nH]ncc34)cc3c2CNC3)ccn1,12.911,4.889040118875122,0,12911.0,nM,'=',dengue virus type 3,CHEMBL5705863,NS3 protease,3
O=C(NC1CCOCC1)[C@H](Nc1ccc2c(c1)CNC2)c1cc(Cl)cc(C2CC2)c1,53.424,4.272263598289705,0,53424.0,nM,'=',dengue virus type 3,CHEMBL5705863,NS3 protease,3
O=C(NCCC1CC1)[C@H](Nc1ccc2c(c1)CNC2)c1cc(Cl)cc(C2CC2)c1,99.5,4.002176919254275,0,99500.0,nM,'>',dengue virus type 3,CHEMBL5705863,NS3 protease,3
O=C(Nc1cc(Br)c2c(c1)CNC2)c1cc(F)cc2[nH]ncc12,14.995,4.824053529904454,0,14995.0,nM,'=',dengue virus type 3,CHEMBL5705863,NS3 protease,3
O=C(Nc1ccc2c(c1)CNC2)c1cccc2nc(O)ccc12,99.5,4.002176919254275,0,99500.0,nM,'>',dengue virus type 3,CHEMBL5705863,NS3 protease,3
N=C(N)NCCC[C@H](NC(=O)[C@H](Cc1ccc(CN)cc1)NC(=O)c1ccccc1)B(O)O,0.784,6.105683937315561,1,784.0,nM,'=',dengue virus type 3,CHEMBL5705863,NS3 protease,3
Cc1ccc(NC(=O)c2cc(Cl)cc(NC(=O)OCc3ccccc3)c2)cc1CN,57.739,4.2385307420736344,0,57739.0,nM,'=',dengue virus type 3,CHEMBL5705863,NS3 protease,3
O=C(Nc1ccc2c(c1)CNC2)c1cc(F)cc2[nH]c(-c3ccc(F)cc3)nc12,2.955,5.529442514782726,1,2955.0,nM,'=',dengue virus type 3,CHEMBL5705863,NS3 protease,3
CC(C)(c1nc2c(C(=O)Nc3ccc4c(c3)CNC4)cc(F)cc2[nH]1)S(C)(=O)=O,13.646,4.864994633056113,0,13646.0,nM,'=',dengue virus type 3,CHEMBL5705863,NS3 protease,3
Cc1ccccc1-c1nc2c(C(=O)Nc3ccc4c(c3)CNC4)cc(F)cc2[nH]1,2.196,5.658367664221946,1,2196.0,nM,'=',dengue virus type 3,CHEMBL5705863,NS3 protease,3
NCc1ccc(-c2csc3cc(C(=O)Nc4ccc5c(c4)CNC5)ccc23)cc1,31.579,4.500601626745652,0,31579.0,nM,'=',dengue virus type 3,CHEMBL5705863,NS3 protease,3
N#Cc1ccc(-c2nc3c(C(=O)Nc4ccc5c(c4)CNC5)cc(F)cc3[nH]2)cc1,1.704,5.768530409569319,1,1704.0,nM,'=',dengue virus type 3,CHEMBL5705863,NS3 protease,3
O=C(Nc1cc(Cl)cc(C(=O)Nc2ccc3c(c2)CNC3)c1)OCc1ccccc1,72.465,4.139871703457799,0,72465.0,nM,'=',dengue virus type 3,CHEMBL5705863,NS3 protease,3
NCc1ccc([C@H]2C[C@@H]2c2cc(Cl)cc(NC(=O)OCc3ccccc3)c2)cc1,6.849,5.164372833790102,1,6849.0,nM,'=',dengue virus type 3,CHEMBL5705863,NS3 protease,3
O=C(Nc1cc(Cl)cc([C@H]2C[C@@H]2c2cccc(C3CCNCC3)c2)c1)OCc1ccccc1,4.789,5.319755162957392,1,4789.0,nM,'=',dengue virus type 3,CHEMBL5705863,NS3 protease,3
O=C(Nc1ccc2c(c1)CNC2)c1cc(F)c2[nH]ccc2c1,99.5,4.002176919254275,0,99500.0,nM,'>',dengue virus type 3,CHEMBL5705863,NS3 protease,3
Cn1cc(CNC(=O)[C@H](Nc2ccc3c(c2)CNC3)c2cc(Cl)cc(C3CC3)c2)cn1,81.762,4.087448493697372,0,81762.0,nM,'=',dengue virus type 3,CHEMBL5705863,NS3 protease,3
N=C(N)NCCC[C@H](NC(=O)c1nccs1)C(=O)N[C@@H](CCCCN)C(=O)N[C@@H](C(N)=O)c1ccc(OCc2ccc(C(F)(F)F)cc2)cc1,2.225,5.652669984683049,1,2225.0,nM,'=',dengue virus type 3,CHEMBL5705863,NS3 protease,3
O=C(Nc1ccc2c(c1)CNC2)c1cccc(-c2cnco2)c1,21.244,4.6727637072529005,0,21244.0,nM,'=',dengue virus type 3,CHEMBL5705863,NS3 protease,3
O=C(Nc1ccc2c(c1)CNC2)c1cc(F)cc2[nH]ncc12,23.396,4.630858387308716,0,23396.0,nM,'=',dengue virus type 3,CHEMBL5705863,NS3 protease,3
O=C(Nc1ccc2c(c1)CNC2)c1cc(Cl)cc2[nH]ncc12,13.371,4.873836111194161,0,13371.0,nM,'=',dengue virus type 3,CHEMBL5705863,NS3 protease,3
O=C(Nc1cc(Cl)cc([C@H]2CN(Cc3ccccc3)C[C@@H]2c2cccc(-c3nn[nH]n3)c2)c1)OCc1ccccc1,6.031,5.219610671529047,1,6031.0,nM,'=',dengue virus type 3,CHEMBL5705863,NS3 protease,3
Clc1ccc2[nH]cc(Cc3ccc(-c4nn[nH]n4)cc3)c2c1,44.119,4.355374339826673,0,44119.0,nM,'=',dengue virus type 3,CHEMBL5705863,NS3 protease,3
N[C@H]1CC[C@H](c2ccc(NC(=O)c3cc(Cl)cc(NC(=O)OCc4ccccc4)c3)cc2)C1,5.841,5.233512793760306,1,5841.0,nM,'=',dengue virus type 3,CHEMBL5705863,NS3 protease,3
O=C(Nc1cc(Cl)cc(C(=O)Nc2ccc3c(c2)CCNC3)c1)OCc1ccccc1,24.351,4.613483199313232,0,24351.0,nM,'=',dengue virus type 3,CHEMBL5705863,NS3 protease,3
CC(C)(C)c1cc(Br)cc(C(=O)Nc2ccc3c(c2)CNC3)c1,99.5,4.002176919254275,0,99500.0,nM,'>',dengue virus type 3,CHEMBL5705863,NS3 protease,3
CN1Cc2ccc(NC(=O)c3cc(Cl)cc4[nH]ncc34)cc2C1,92.766,4.032611169449525,0,92766.0,nM,'=',dengue virus type 3,CHEMBL5705863,NS3 protease,3
CNC(=O)[C@H](Nc1cccc(CN)c1)c1cc(Cl)cc(NC(=O)OCc2ccccc2)c1,99.5,4.002176919254275,0,99500.0,nM,'>',dengue virus type 3,CHEMBL5705863,NS3 protease,3
N=C(N)NCCC[C@H](NC(=O)c1nccs1)C(=O)N[C@@H](CCCCN)C(=O)N[C@@H](C(N)=O)c1ccc(OCc2ccc(C(F)(F)F)cc2)cc1,2.186,5.660349842386316,1,2186.0,nM,'=',dengue virus type 3,CHEMBL5705863,NS3 protease,3
O=C(Nc1ccc2c(c1)CNCC2)c1cc(Cl)cc2[nH]ncc12,93.85,4.027565723042635,0,93850.0,nM,'=',dengue virus type 3,CHEMBL5705863,NS3 protease,3
C=CC[C@H]1NCc2cc(NC(=O)c3cc(Cl)cc4[nH]ncc34)ccc21,68.208,4.166164684696943,0,68208.0,nM,'=',dengue virus type 3,CHEMBL5705863,NS3 protease,3
Cc1cccc(-c2nc3c(C(=O)Nc4ccc5c(c4)CNC5)cc(F)cc3[nH]2)c1,6.161,5.210348791206591,1,6161.0,nM,'=',dengue virus type 3,CHEMBL5705863,NS3 protease,3
O=C(Nc1cc(Cl)cc(-c2ccc3[nH]c(C(=O)O)cc3c2)c1)OCc1ccccc1,4.997,5.301290650557413,1,4997.0,nM,'=',dengue virus type 3,CHEMBL5705863,NS3 protease,3
NCCc1csc2cc(C(=O)Nc3ccc4c(c3)CNC4)ccc12,99.5,4.002176919254275,0,99500.0,nM,'>',dengue virus type 3,CHEMBL5705863,NS3 protease,3
O=C(Nc1ccc2c(c1)CNC2)c1cc(F)cc2[nH]c(-c3cccc(F)c3)nc12,2.73,5.563837352959244,1,2730.0,nM,'=',dengue virus type 3,CHEMBL5705863,NS3 protease,3
NCc1cccc(NC(=O)c2cc(Cl)cc(NC(=O)OCc3ccccc3)c2)c1,26.759,4.572530120448188,0,26759.0,nM,'=',dengue virus type 3,CHEMBL5705863,NS3 protease,3
CNC(=O)[C@H](Nc1cc(CN)cc(C(=O)O)c1)c1cc(Cl)cc(C2CC2)c1,99.5,4.002176919254275,0,99500.0,nM,'>',dengue virus type 3,CHEMBL5705863,NS3 protease,3
O=C(Nc1ccc2c(c1)CNC2)c1cc(Br)cc2[nH]c(=O)[nH]c12,21.547,4.6666131883404685,0,21547.0,nM,'=',dengue virus type 3,CHEMBL5705863,NS3 protease,3
Cc1nc2c(C(=O)Nc3ccc4c(c3)CNC4)cc(Cl)cc2[nH]1,99.5,4.002176919254275,0,99500.0,nM,'>',dengue virus type 3,CHEMBL5705863,NS3 protease,3
Cc1c(C(=O)Nc2cc(-c3cccnc3)ccn2)cc(C2CC2)n1C,6.221,5.206139798657331,1,6221.0,nM,'=',dengue virus type 3,CHEMBL5705863,NS3 protease,3
Clc1cc(CNc2ccc3c(c2)CNC3)c2cn[nH]c2c1,42.234,4.374337784413108,0,42234.0,nM,'=',dengue virus type 3,CHEMBL5705863,NS3 protease,3
O=C(NCC(F)F)[C@H](Nc1ccc2c(c1)CNC2)c1cc(Cl)cc(C2CC2)c1,28.457,4.545810886125231,0,28457.0,nM,'=',dengue virus type 3,CHEMBL5705863,NS3 protease,3
NCc1cccc([C@H]2C[C@@H]2c2cc(Cl)cc(NC(=O)OCc3ccccc3)c2)c1,7.852,5.105019709072032,1,7852.0,nM,'=',dengue virus type 3,CHEMBL5705863,NS3 protease,3
N=C(N)NCCC[C@H](NC(=O)[C@H](Cc1ccc(CN)cc1)NC(=O)c1ccccc1)B(O)O,0.98,6.008773924307505,1,980.0,nM,'=',dengue virus type 3,CHEMBL5705863,NS3 protease,3
C=CC[C@H](Nc1cc(Cl)cc(NC(=O)OCc2ccccc2)c1)c1cccc(-c2nn[nH]n2)c1,6.43,5.191789027075778,1,6430.0,nM,'=',dengue virus type 3,CHEMBL5705863,NS3 protease,3
O=C(Nc1ccc2c(c1)CNC2)c1cc(Cl)cc2cc[nH]c12,87.872,4.056149488779358,0,87872.0,nM,'=',dengue virus type 3,CHEMBL5705863,NS3 protease,3
O=C(NCC(F)F)[C@H](Nc1ccc2c(c1)CNC2)c1cc(F)cc2[nH]ccc12,99.5,4.002176919254275,0,99500.0,nM,'>',dengue virus type 3,CHEMBL5705863,NS3 protease,3
O=C(NC1CCOCC1)[C@H](Nc1ccc2c(c1)CNC2)c1cc(Cl)cc2[nH]ncc12,39.513,4.403259995527763,0,39513.0,nM,'=',dengue virus type 3,CHEMBL5705863,NS3 protease,3
O=C(Nc1ccc2c(c1)CNC2)c1cccc2[nH]c(=O)[nH]c12,40.81,4.3892334052267294,0,40810.0,nM,'=',dengue virus type 3,CHEMBL5705863,NS3 protease,3
O=C(Nc1ccc2c(c1)CNC2)c1ccc2c(C3=CCNCC3)csc2c1,54.442,4.264065928784477,0,54442.0,nM,'=',dengue virus type 3,CHEMBL5705863,NS3 protease,3
CC(C)NC(=O)[C@H](Nc1ccc2c(c1)CNC2)c1cc(Cl)cc2[nH]c(-c3ccccc3)nc12,2.207,5.656197666838345,1,2207.0,nM,'=',dengue virus type 3,CHEMBL5705863,NS3 protease,3
COc1cccc(-c2nc3c(C(=O)Nc4ccc5c(c4)CNC5)cc(F)cc3[nH]2)c1,3.719,5.429573821641028,1,3719.0,nM,'=',dengue virus type 3,CHEMBL5705863,NS3 protease,3
O=C(Nc1ccc2c(c1)CNC2)c1ccc2[nH]ccc2c1,99.5,4.002176919254275,0,99500.0,nM,'>',dengue virus type 3,CHEMBL5705863,NS3 protease,3
NCCc1csc2cc(C(=O)Nc3cc([C@H]4CCOC4)ccn3)ccc12,99.5,4.002176919254275,0,99500.0,nM,'>',dengue virus type 3,CHEMBL5705863,NS3 protease,3
OCC#C[C@H](Nc1ccc2c(c1)CNC2)c1cc(Cl)cc2[nH]ncc12,26.215,4.581450137950258,0,26215.0,nM,'=',dengue virus type 3,CHEMBL5705863,NS3 protease,3
Cc1cccc(-c2nc3c(C(=O)Nc4ccc5c(c4)CNC5)cc(Cl)cc3[nH]2)c1O,4.441,5.352519226826324,1,4441.0,nM,'=',dengue virus type 3,CHEMBL5705863,NS3 protease,3
COCCNC(=O)[C@H](Nc1ccc2c(c1)CNC2)c1cc(Cl)cc(C2CC2)c1,63.358,4.198198540425395,0,63358.0,nM,'=',dengue virus type 3,CHEMBL5705863,NS3 protease,3
CCOCCNC(=O)[C@H](Nc1ccc2c(c1)CNC2)c1cc(Cl)cc2[nH]ncc12,99.5,4.002176919254275,0,99500.0,nM,'>',dengue virus type 3,CHEMBL5705863,NS3 protease,3
O=C(Nc1ccc2c(c1)CNC2)c1cc(Cl)cc2cn[nH]c12,41.87,4.37809703910877,0,41870.0,nM,'=',dengue virus type 3,CHEMBL5705863,NS3 protease,3
O=C1Cc2c(cc(Br)cc2C(=O)Nc2ccc3c(c2)CNC3)N1,17.849,4.7483861104564085,0,17849.0,nM,'=',dengue virus type 3,CHEMBL5705863,NS3 protease,3
O=C(NCC(F)F)[C@H](Nc1ccc2c(c1)CNC2)c1cc(Cl)cc(C2CC2)c1,23.817,4.6231129433359515,0,23817.0,nM,'=',dengue virus type 3,CHEMBL5705863,NS3 protease,3
O=C(Nc1ccc2c(c1)CNC2)c1cc(F)cc2[nH]c(-c3ccccc3)nc12,3.568,5.447575154295914,1,3568.0,nM,'=',dengue virus type 3,CHEMBL5705863,NS3 protease,3
CC(C)NC(=O)[C@H](Nc1ccc2c(c1)CNC2)c1cc(Cl)cc2[nH]ncc12,26.162,4.5823290586748895,0,26162.0,nM,'=',dengue virus type 3,CHEMBL5705863,NS3 protease,3
N#Cc1cccc(-c2nc3c(C(=O)Nc4ccc5c(c4)CNC5)cc(F)cc3[nH]2)c1,2.307,5.636952405478906,1,2307.0,nM,'=',dengue virus type 3,CHEMBL5705863,NS3 protease,3
NCc1cccc(-c2csc3cc(C(=O)Nc4ccc5c(c4)CNC5)ccc23)c1,29.787,4.525973234584671,0,29787.0,nM,'=',dengue virus type 3,CHEMBL5705863,NS3 protease,3
CC(C)c1nnc(-c2nc3c(C(=O)Nc4ccc5c(c4)CNC5)cc(F)cc3[nH]2)s1,10.818,4.965853022893954,0,10818.0,nM,'=',dengue virus type 3,CHEMBL5705863,NS3 protease,3
O=C(Nc1ccc2c(c1)CNC2)c1cccc2c(C3CNC3)n[nH]c12,9.27,5.032920265855503,1,9270.0,nM,'=',dengue virus type 3,CHEMBL5705863,NS3 protease,3
N=C(N)NCCC[C@H](NC(=O)c1nccs1)C(=O)N[C@@H](CCCCN)C(=O)N[C@@H](C(N)=O)c1ccc(OCc2ccc(C(F)(F)F)cc2)cc1,1.495,5.825358807339551,1,1495.0,nM,'=',dengue virus type 3,CHEMBL5705863,NS3 protease,3
CC(C)CNC(=O)c1cc(Cl)ccc1NS(=O)(=O)c1ccc(Oc2ccccc2Cl)cc1,12.111,4.916819995870023,0,12111.0,nM,'=',dengue virus type 3,CHEMBL5705863,NS3 protease,3
Cc1[nH]c2ccccc2c1CN1CCC(c2c[nH]c3ncccc23)CC1,99.5,4.002176919254275,0,99500.0,nM,'>',dengue virus type 3,CHEMBL5705863,NS3 protease,3
O=C(Nc1ccc2c(c1)CNC2)c1cc(Cl)cc2ccncc12,69.764,4.1563686265828705,0,69764.0,nM,'=',dengue virus type 3,CHEMBL5705863,NS3 protease,3
N#C[C@H](Nc1ccc2c(c1)CNC2)c1cc(Cl)cc(C2CC2)c1,99.5,4.002176919254275,0,99500.0,nM,'>',dengue virus type 3,CHEMBL5705863,NS3 protease,3
N=C(N)NCCC[C@H](NC(=O)c1nccs1)C(=O)N[C@@H](CCCCN)C(=O)N[C@@H](C(N)=O)c1ccc(OCc2ccc(C(F)(F)F)cc2)cc1,2.219,5.653842697767992,1,2219.0,nM,'=',dengue virus type 3,CHEMBL5705863,NS3 protease,3
CNC(=O)[C@H](Nc1ccc2c(c1)CNC2)c1cc(Cl)cc(C2CC2)c1,99.5,4.002176919254275,0,99500.0,nM,'>',dengue virus type 3,CHEMBL5705863,NS3 protease,3
O=C(Nc1ccc2c(c1)CNC2)c1cc(F)cc2[nH]c(-c3ccccc3F)nc12,3.444,5.4629368572183825,1,3444.0,nM,'=',dengue virus type 3,CHEMBL5705863,NS3 protease,3
Clc1cc([C@@H]2C[C@H]2c2cccc(C3CCNCC3)c2)c2cn[nH]c2c1,6.448,5.190574971202966,1,6448.0,nM,'=',dengue virus type 3,CHEMBL5705863,NS3 protease,3
O=C(Nc1ccc2c(c1)CNC2)c1cc(F)cc2c1CCC2,99.5,4.002176919254275,0,99500.0,nM,'>',dengue virus type 3,CHEMBL5705863,NS3 protease,3
O=C(Nc1ccc2c(c1)CNC2)c1cccc2[nH]c(C(F)(F)F)cc12,31.764,4.498064812651027,0,31764.0,nM,'=',dengue virus type 3,CHEMBL5705863,NS3 protease,3
O=C(Nc1ccc2c(c1)CNC2)c1cc(Cl)cc2nn(-c3ccccc3)nc12,4.726,5.32550628270365,1,4726.0,nM,'=',dengue virus type 3,CHEMBL5705863,NS3 protease,3
O=C(Nc1cc2c(cc1Br)CNC2)c1cc(F)cc2[nH]ncc12,21.759,4.662361067818591,0,21759.0,nM,'=',dengue virus type 3,CHEMBL5705863,NS3 protease,3
O=C(Nc1ccc2c(c1)CNC2)c1ccc2[nH]cc(C3CCNCC3)c2c1,29.24,4.534022631714177,0,29240.0,nM,'=',dengue virus type 3,CHEMBL5705863,NS3 protease,3
CC(C)NC(=O)[C@H](Nc1ccc2c(c1)CNC2)c1cc(Cl)cc2[nH]c(-c3ccccc3)nc12,7.062,5.151072286772922,1,7062.0,nM,'=',dengue virus type 3,CHEMBL5705863,NS3 protease,3
O=C1Cc2cc(C(=O)Nc3ccc4c(c3)CNC4)ccc2N1,7.129,5.14697138528701,1,7129.0,nM,'=',dengue virus type 3,CHEMBL5705863,NS3 protease,3
O=C(Nc1ccc2c(c1)CNC2)c1cc(Br)cc2[nH]ccc12,44.599,4.350674878941462,0,44599.0,nM,'=',dengue virus type 3,CHEMBL5705863,NS3 protease,3
N=C(N)NCCC[C@H](NC(=O)c1nccs1)C(=O)N[C@@H](CCCCN)C(=O)N[C@@H](C(N)=O)c1ccc(OCc2ccc(C(F)(F)F)cc2)cc1,2.447,5.6113660306482105,1,2447.0,nM,'=',dengue virus type 3,CHEMBL5705863,NS3 protease,3
O=C1Cc2c(cc(F)cc2C(=O)Nc2ccc3c(c2)CNC3)N1,8.591,5.065956280964475,1,8591.0,nM,'=',dengue virus type 3,CHEMBL5705863,NS3 protease,3
C=CC[C@H]1NCc2cc(NC(=O)c3cccc4c3CC(=O)N4)ccc21,99.5,4.002176919254275,0,99500.0,nM,'>',dengue virus type 3,CHEMBL5705863,NS3 protease,3
O=C1Cc2c(cccc2C(=O)Nc2ccc3c(c2)CNC3)N1,14.233,4.846703550644695,0,14233.0,nM,'=',dengue virus type 3,CHEMBL5705863,NS3 protease,3
O=C(Nc1ccc2c(c1)CNC2)c1cc(Br)cc2ccccc12,99.5,4.002176919254275,0,99500.0,nM,'>',dengue virus type 3,CHEMBL5705863,NS3 protease,3
Cc1c(C(=O)Nc2cc(CCCN)ccn2)cc(C2CC2)n1C,34.474,4.462508322709204,0,34474.0,nM,'=',dengue virus type 3,CHEMBL5705863,NS3 protease,3
N=C(N)NCCC[C@H](NC(=O)c1nccs1)C(=O)N[C@@H](CCCCN)C(=O)N[C@@H](C(N)=O)c1ccc(OCc2ccc(C(F)(F)F)cc2)cc1,2.339,5.630969778190847,1,2339.0,nM,'=',dengue virus type 3,CHEMBL5705863,NS3 protease,3
O=C(Nc1cc(Cl)cc([C@H](C#CCO)Nc2cccc(-c3nn[nH]n3)c2)c1)OCc1ccccc1,11.89,4.924818145381308,0,11890.0,nM,'=',dengue virus type 3,CHEMBL5705863,NS3 protease,3
c1cc(C2CCN(Cc3c[nH]c4ccccc34)CC2)c2ccncc2c1,99.5,4.002176919254275,0,99500.0,nM,'>',dengue virus type 3,CHEMBL5705863,NS3 protease,3
O=C(Nc1cc(Cl)cc(C(=O)Nc2cccc([C@H]3C[C@H]3C(=O)O)c2)c1)OCc1ccccc1,22.619,4.645526599414188,0,22619.0,nM,'=',dengue virus type 3,CHEMBL5705863,NS3 protease,3
O=C(Nc1cc(Cl)cc(C(=O)Nc2cccc(-n3nn[nH]c3=O)c2)c1)OCc1ccccc1,10.524,4.977819160586335,0,10524.0,nM,'=',dengue virus type 3,CHEMBL5705863,NS3 protease,3
O=C(NCC(F)F)[C@H](Nc1ccc2c(c1)CNC2)c1cc(Cl)cc(C2CC2)c1,99.5,4.002176919254275,0,99500.0,nM,'>',dengue virus type 3,CHEMBL5705863,NS3 protease,3
C=CC[C@H]1NCc2cc(NC(=O)c3cc(F)cc4[nH]ncc34)ccc21,32.342,4.490233127221613,0,32342.0,nM,'=',dengue virus type 3,CHEMBL5705863,NS3 protease,3
O=C(Nc1ccc2c(c1)CNC2)c1cc(Cl)cc(C(F)(F)F)n1,10.399,4.983008421793795,0,10399.0,nM,'=',dengue virus type 3,CHEMBL5705863,NS3 protease,3
Cn1c(=O)[nH]c2c(C(=O)Nc3ccc4c(c3)CNC4)cc(Br)cc21,99.5,4.002176919254275,0,99500.0,nM,'>',dengue virus type 3,CHEMBL5705863,NS3 protease,3
CC(C)c1cc(Br)cc(C(=O)Nc2ccc3c(c2)CNC3)c1,99.5,4.002176919254275,0,99500.0,nM,'>',dengue virus type 3,CHEMBL5705863,NS3 protease,3
CNC(=O)[C@H](Nc1cc(CN)cc(-c2nn[nH]n2)c1)c1cc(Cl)cc(C2CC2)c1,99.5,4.002176919254275,0,99500.0,nM,'>',dengue virus type 3,CHEMBL5705863,NS3 protease,3
O=C(Nc1ccc2c(c1)CNC2)c1cc(Cl)cc2c1CCC2,99.5,4.002176919254275,0,99500.0,nM,'>',dengue virus type 3,CHEMBL5705863,NS3 protease,3
N#C[C@H](Nc1ccc2c(c1)CNC2)c1cc(Cl)cc2[nH]ncc12,99.5,4.002176919254275,0,99500.0,nM,'>',dengue virus type 3,CHEMBL5705863,NS3 protease,3
N=C(N)NCCC[C@H](NC(=O)c1nccs1)C(=O)N[C@@H](CCCCN)C(=O)N[C@@H](C(N)=O)c1ccc(OCc2ccc(C(F)(F)F)cc2)cc1,1.634,5.786747947803604,1,1634.0,nM,'=',dengue virus type 3,CHEMBL5705863,NS3 protease,3
N=C(N)NCCC[C@H](NC(=O)[C@H](Cc1ccc(CN)cc1)NC(=O)c1ccccc1)B(O)O,0.819,6.086716098239582,1,819.0,nM,'=',dengue virus type 3,CHEMBL5705863,NS3 protease,3
N#C[C@H](Nc1cccc(-c2nn[nH]n2)c1)c1cc(Cl)cc(NC(=O)OCc2ccccc2)c1,9.588,5.018271974638384,1,9588.0,nM,'=',dengue virus type 3,CHEMBL5705863,NS3 protease,3
CNC(=O)[C@H](Nc1cc(Cl)cc(NC(=O)OCc2ccccc2)c1)c1cccc(-c2nn[nH]n2)c1,40.376,4.39387670827437,0,40376.0,nM,'=',dengue virus type 3,CHEMBL5705863,NS3 protease,3
CCc1cc(C(=O)Nc2cccc(-n3nn[nH]c3=O)c2)sc1-c1ccc(Cl)cc1,11.902,4.924380054071224,0,11902.0,nM,'=',dengue virus type 3,CHEMBL5705863,NS3 protease,3
O=C(NCC(F)F)[C@H](Nc1ccc2c(c1)CNC2)c1cc(F)cc2[nH]ncc12,93.692,4.0282974902667785,0,93692.0,nM,'=',dengue virus type 3,CHEMBL5705863,NS3 protease,3
C=CC[C@H]1NCc2cc(N[C@H](C(=O)NC(C)C)c3cc(Cl)cc4[nH]ncc34)ccc21,55.092,4.258911461186354,0,55092.0,nM,'=',dengue virus type 3,CHEMBL5705863,NS3 protease,3
O=C(Nc1ccc2c(c1)CNC2)c1cc(Br)cc2[nH]c(-c3ccccc3)nc12,1.475,5.831207979685818,1,1475.0,nM,'=',dengue virus type 3,CHEMBL5705863,NS3 protease,3
Cc1c(C(=O)Nc2cc([C@H]3CCOC3)ccn2)cc(C2CC2)n1C,99.5,4.002176919254275,0,99500.0,nM,'>',dengue virus type 3,CHEMBL5705863,NS3 protease,3
Cn1cc(CCc2nc3c(C(=O)Nc4ccc5c(c4)CNC5)cc(Cl)cc3[nH]2)cn1,23.708,4.62510508143302,0,23708.0,nM,'=',dengue virus type 3,CHEMBL5705863,NS3 protease,3
Cn1cc2cc(Cl)cc(C(=O)Nc3ccc4c(c3)CNC4)c2n1,99.5,4.002176919254275,0,99500.0,nM,'>',dengue virus type 3,CHEMBL5705863,NS3 protease,3
O=C1Cc2cc(C(=O)Nc3ccc4c(c3)CNC4)ccc2N1,5.441,5.264321274094096,1,5441.0,nM,'=',dengue virus type 3,CHEMBL5705863,NS3 protease,3
O=C(Nc1ccc2c(c1)CNC2)c1cccc2cn[nH]c12,37.269,4.428652260058297,0,37269.0,nM,'=',dengue virus type 3,CHEMBL5705863,NS3 protease,3
N#Cc1cc2c(cc1NC(=O)c1cc(F)cc3[nH]ncc13)CNC2,5.39,5.268411234813262,1,5390.0,nM,'=',dengue virus type 3,CHEMBL5705863,NS3 protease,3
O=C(Nc1cc2c(c(C3=CCS(=O)(=O)CC3)c1)CNC2)c1cc(F)cc2[nH]ncc12,12.762,4.894081259713627,0,12762.0,nM,'=',dengue virus type 3,CHEMBL5705863,NS3 protease,3
NCc1csc2cc(C(=O)Nc3ccc4c(c3)CNC4)ccc12,9.07,5.042392712939905,1,9070.0,nM,'=',dengue virus type 3,CHEMBL5705863,NS3 protease,3
O=C(NC1CCOCC1)[C@H](Nc1ccc2c(c1)CNC2)c1cc(Cl)cc2[nH]ncc12,43.867,4.357862065344219,0,43867.0,nM,'=',dengue virus type 4,CHEMBL5705864,NS3 protease,4
O=C(Nc1ccc2c(c1)CNC2)c1cccc(-c2cnco2)c1,23.301,4.632625440125803,0,23301.0,nM,'=',dengue virus type 4,CHEMBL5705864,NS3 protease,4
O=C(Nc1ccc2c(c1)CNC2)c1cc(F)c2[nH]ccc2c1,99.5,4.002176919254275,0,99500.0,nM,'>',dengue virus type 4,CHEMBL5705864,NS3 protease,4
O=C(Nc1ccc2c(c1)CNC2)c1cc(Cl)cc2ccncc12,99.5,4.002176919254275,0,99500.0,nM,'>',dengue virus type 4,CHEMBL5705864,NS3 protease,4
Cn1cc(CCc2nc3c(C(=O)Nc4ccc5c(c4)CNC5)cc(Cl)cc3[nH]2)cn1,26.411,4.578215154784748,0,26411.0,nM,'=',dengue virus type 4,CHEMBL5705864,NS3 protease,4
CNC(=O)[C@H](Nc1ccc2c(c1)CNC2)c1cc(Cl)cc(C2CC2)c1,99.5,4.002176919254275,0,99500.0,nM,'>',dengue virus type 4,CHEMBL5705864,NS3 protease,4
O=C(Nc1ccc2c(c1)CNC2)c1cc(F)cc2[nH]ncc12,99.5,4.002176919254275,0,99500.0,nM,'>',dengue virus type 4,CHEMBL5705864,NS3 protease,4
NCc1csc2cc(C(=O)Nc3ccc4c(c3)CNC4)ccc12,11.79,4.928486194904911,0,11790.0,nM,'=',dengue virus type 4,CHEMBL5705864,NS3 protease,4
Cc1ccccc1-c1nc2c(C(=O)Nc3ccc4c(c3)CNC4)cc(F)cc2[nH]1,3.243,5.489053051327027,1,3243.0,nM,'=',dengue virus type 4,CHEMBL5705864,NS3 protease,4
NCCc1csc2cc(C(=O)Nc3ccc4c(c3)CNC4)ccc12,99.5,4.002176919254275,0,99500.0,nM,'>',dengue virus type 4,CHEMBL5705864,NS3 protease,4
N#Cc1ccc(-c2nc3c(C(=O)Nc4ccc5c(c4)CNC5)cc(F)cc3[nH]2)cc1,1.917,5.717377887121938,1,1917.0,nM,'=',dengue virus type 4,CHEMBL5705864,NS3 protease,4
N=C(N)NCCC[C@H](NC(=O)[C@H](Cc1ccc(CN)cc1)NC(=O)c1ccccc1)B(O)O,0.793,6.100726812682396,1,793.0,nM,'=',dengue virus type 4,CHEMBL5705864,NS3 protease,4
CNC(=O)[C@H](Nc1cccc(CN)c1)c1cc(Cl)cc(NC(=O)OCc2ccccc2)c1,99.5,4.002176919254275,0,99500.0,nM,'>',dengue virus type 4,CHEMBL5705864,NS3 protease,4
Cc1ccc(NC(=O)c2cc(Cl)cc(NC(=O)OCc3ccccc3)c2)cc1CN,70.702,4.150568300818681,0,70702.0,nM,'=',dengue virus type 4,CHEMBL5705864,NS3 protease,4
Cc1[nH]c2ccccc2c1CN1CCC(c2c[nH]c3ncccc23)CC1,99.5,4.002176919254275,0,99500.0,nM,'>',dengue virus type 4,CHEMBL5705864,NS3 protease,4
O=C(Nc1cc(Cl)cc(C(=O)Nc2cccc(-n3nn[nH]c3=O)c2)c1)OCc1ccccc1,13.947,4.855519199097251,0,13947.0,nM,'=',dengue virus type 4,CHEMBL5705864,NS3 protease,4
c1cc(C2CCN(Cc3c[nH]c4ccccc34)CC2)c2ccncc2c1,99.5,4.002176919254275,0,99500.0,nM,'>',dengue virus type 4,CHEMBL5705864,NS3 protease,4
O=C(Nc1cc(Cl)cc([C@H]2C[C@@H]2c2cccc(C3CCNCC3)c2)c1)OCc1ccccc1,5.509,5.258927227626678,1,5509.0,nM,'=',dengue virus type 4,CHEMBL5705864,NS3 protease,4
O=C(Nc1cc2c(c(C3=CCOCC3)c1)CNC2)c1cc(F)cc2[nH]ncc12,29.924,4.5239803539286845,0,29924.0,nM,'=',dengue virus type 4,CHEMBL5705864,NS3 protease,4
NCc1cccc(-c2csc3cc(C(=O)Nc4ccc5c(c4)CNC5)ccc23)c1,43.725,4.359270181849286,0,43725.0,nM,'=',dengue virus type 4,CHEMBL5705864,NS3 protease,4
CC(C)NC(=O)[C@H](Nc1ccc2c(c1)CNC2)c1cc(Cl)cc2[nH]c(-c3ccccc3)nc12,4.384,5.358129454523687,1,4384.0,nM,'=',dengue virus type 4,CHEMBL5705864,NS3 protease,4
NCc1ccc(-c2csc3cc(C(=O)Nc4ccc5c(c4)CNC5)ccc23)cc1,53.235,4.273802741596726,0,53235.0,nM,'=',dengue virus type 4,CHEMBL5705864,NS3 protease,4
O=C(Nc1ccc2c(c1)CNC2)c1cc(Cl)cc2cc[nH]c12,99.5,4.002176919254275,0,99500.0,nM,'>',dengue virus type 4,CHEMBL5705864,NS3 protease,4
Cn1cc2cc(Cl)cc(C(=O)Nc3ccc4c(c3)CNC4)c2n1,99.5,4.002176919254275,0,99500.0,nM,'>',dengue virus type 4,CHEMBL5705864,NS3 protease,4
O=C(Nc1ccc2c(c1)CNC2)c1cc(F)cc2c1CCC2,99.5,4.002176919254275,0,99500.0,nM,'>',dengue virus type 4,CHEMBL5705864,NS3 protease,4
O=C(NCC(F)F)[C@H](Nc1ccc2c(c1)CNC2)c1cc(Cl)cc(C2CC2)c1,99.5,4.002176919254275,0,99500.0,nM,'>',dengue virus type 4,CHEMBL5705864,NS3 protease,4
N#C[C@H](Nc1ccc2c(c1)CNC2)c1cc(Cl)cc(C2CC2)c1,99.5,4.002176919254275,0,99500.0,nM,'>',dengue virus type 4,CHEMBL5705864,NS3 protease,4
C=CC[C@H]1NCc2cc(NC(=O)c3cc(F)cc4[nH]ncc34)ccc21,99.5,4.002176919254275,0,99500.0,nM,'>',dengue virus type 4,CHEMBL5705864,NS3 protease,4
N=C(N)NCCC[C@H](NC(=O)c1nccs1)C(=O)N[C@@H](CCCCN)C(=O)N[C@@H](C(N)=O)c1ccc(OCc2ccc(C(F)(F)F)cc2)cc1,1.471,5.83238732727247,1,1471.0,nM,'=',dengue virus type 4,CHEMBL5705864,NS3 protease,4
N#C[C@H](Nc1ccc2c(c1)CNC2)c1cc(Cl)cc2[nH]ncc12,99.5,4.002176919254275,0,99500.0,nM,'>',dengue virus type 4,CHEMBL5705864,NS3 protease,4
O=C(Nc1cc(Cl)cc(C(=O)Nc2ccc3c(c2)CCNC3)c1)OCc1ccccc1,32.118,4.493251506232925,0,32118.0,nM,'=',dengue virus type 4,CHEMBL5705864,NS3 protease,4
N=C(N)NCCC[C@H](NC(=O)[C@H](Cc1ccc(CN)cc1)NC(=O)c1ccccc1)B(O)O,0.503,6.298432014944073,1,503.0,nM,'=',dengue virus type 4,CHEMBL5705864,NS3 protease,4
CC(C)CNC(=O)c1cc(Cl)ccc1NS(=O)(=O)c1ccc(Oc2ccccc2Cl)cc1,15.022,4.823272242355811,0,15022.0,nM,'=',dengue virus type 4,CHEMBL5705864,NS3 protease,4
O=C(Nc1cc(Cl)cc(C(=O)Nc2cccc([C@H]3C[C@H]3C(=O)O)c2)c1)OCc1ccccc1,32.847,4.483504289511863,0,32847.0,nM,'=',dengue virus type 4,CHEMBL5705864,NS3 protease,4
N[C@H]1CC[C@H](c2ccc(NC(=O)c3cc(Cl)cc(NC(=O)OCc4ccccc4)c3)cc2)C1,7.637,5.117077209397402,1,7637.0,nM,'=',dengue virus type 4,CHEMBL5705864,NS3 protease,4
Cc1c(C(=O)Nc2cc(CCCN)ccn2)cc(C2CC2)n1C,39.227,4.4064149045461045,0,39227.0,nM,'=',dengue virus type 4,CHEMBL5705864,NS3 protease,4
Clc1ccc2[nH]cc(Cc3ccc(-c4nn[nH]n4)cc3)c2c1,99.14,4.003751085430868,0,99140.0,nM,'=',dengue virus type 4,CHEMBL5705864,NS3 protease,4
O=C(Nc1cc(Cl)cc(C(=O)Nc2ccc3c(c2)CNC3)c1)OCc1ccccc1,91.263,4.039705259187824,0,91263.0,nM,'=',dengue virus type 4,CHEMBL5705864,NS3 protease,4
CC(C)(C)c1cc(Br)cc(C(=O)Nc2ccc3c(c2)CNC3)c1,99.5,4.002176919254275,0,99500.0,nM,'>',dengue virus type 4,CHEMBL5705864,NS3 protease,4
CC(C)c1cc(Br)cc(C(=O)Nc2ccc3c(c2)CNC3)c1,99.5,4.002176919254275,0,99500.0,nM,'>',dengue virus type 4,CHEMBL5705864,NS3 protease,4
CNC(=O)[C@H](Nc1cc(CN)cc(-c2nn[nH]n2)c1)c1cc(Cl)cc(C2CC2)c1,99.5,4.002176919254275,0,99500.0,nM,'>',dengue virus type 4,CHEMBL5705864,NS3 protease,4
C=CC[C@H]1NCc2cc(NC(=O)c3cccc4c3CC(=O)N4)ccc21,99.5,4.002176919254275,0,99500.0,nM,'>',dengue virus type 4,CHEMBL5705864,NS3 protease,4
O=C(Nc1cc2c(cc1Br)CNC2)c1cc(F)cc2[nH]ncc12,99.5,4.002176919254275,0,99500.0,nM,'>',dengue virus type 4,CHEMBL5705864,NS3 protease,4
O=C(Nc1ccc2c(c1)CNC2)c1ccc2[nH]ccc2c1,99.5,4.002176919254275,0,99500.0,nM,'>',dengue virus type 4,CHEMBL5705864,NS3 protease,4
CC(C)(c1nc2c(C(=O)Nc3ccc4c(c3)CNC4)cc(F)cc2[nH]1)S(C)(=O)=O,18.004,4.744630995733559,0,18004.0,nM,'=',dengue virus type 4,CHEMBL5705864,NS3 protease,4
O=C(Nc1ccc2c(c1)CNC2)c1cc(F)cc2[nH]c(-c3cccc(F)c3)nc12,3.733,5.4279420100736955,1,3733.0,nM,'=',dengue virus type 4,CHEMBL5705864,NS3 protease,4
N=C(N)NCCC[C@H](NC(=O)c1nccs1)C(=O)N[C@@H](CCCCN)C(=O)N[C@@H](C(N)=O)c1ccc(OCc2ccc(C(F)(F)F)cc2)cc1,1.057,5.975925012692574,1,1057.0,nM,'=',dengue virus type 4,CHEMBL5705864,NS3 protease,4
O=C1Cc2c(cccc2C(=O)Nc2ccc3c(c2)CNC3)N1,15.134,4.820046270368452,0,15134.0,nM,'=',dengue virus type 4,CHEMBL5705864,NS3 protease,4
O=C(Nc1ccc2c(c1)CNC2)c1cc(Br)cc2ccccc12,99.5,4.002176919254275,0,99500.0,nM,'>',dengue virus type 4,CHEMBL5705864,NS3 protease,4
CNC(=O)[C@H](Nc1cc(CN)cc(C(=O)O)c1)c1cc(Cl)cc(C2CC2)c1,99.5,4.002176919254275,0,99500.0,nM,'>',dengue virus type 4,CHEMBL5705864,NS3 protease,4
O=C(Nc1ccc2c(c1)CNC2)c1cc(Cl)cc2c1CCC2,99.5,4.002176919254275,0,99500.0,nM,'>',dengue virus type 4,CHEMBL5705864,NS3 protease,4
CC(C)c1nnc(-c2nc3c(C(=O)Nc4ccc5c(c4)CNC5)cc(F)cc3[nH]2)s1,9.861,5.0060790411987135,1,9861.0,nM,'=',dengue virus type 4,CHEMBL5705864,NS3 protease,4
O=C(Nc1ccc2c(c1)CNC2)c1cc(Br)cc2[nH]c(=O)[nH]c12,38.67,4.412625827926934,0,38670.0,nM,'=',dengue virus type 4,CHEMBL5705864,NS3 protease,4
COCCNC(=O)[C@H](Nc1ccc2c(c1)CNC2)c1cc(Cl)cc(C2CC2)c1,99.5,4.002176919254275,0,99500.0,nM,'>',dengue virus type 4,CHEMBL5705864,NS3 protease,4
C=CC[C@H](Nc1cc(Cl)cc(NC(=O)OCc2ccccc2)c1)c1cccc(-c2nn[nH]n2)c1,7.778,5.109132061188559,1,7778.0,nM,'=',dengue virus type 4,CHEMBL5705864,NS3 protease,4
N#C[C@H](Nc1cccc(-c2nn[nH]n2)c1)c1cc(Cl)cc(NC(=O)OCc2ccccc2)c1,12.446,4.9049702033515485,0,12446.0,nM,'=',dengue virus type 4,CHEMBL5705864,NS3 protease,4
O=C(Nc1ccc2c(c1)CNC2)c1cc(Cl)cc2[nH]ncc12,99.5,4.002176919254275,0,99500.0,nM,'>',dengue virus type 4,CHEMBL5705864,NS3 protease,4
NCc1cccc(NC(=O)c2cc(Cl)cc(NC(=O)OCc3ccccc3)c2)c1,34.571,4.461288057883088,0,34571.0,nM,'=',dengue virus type 4,CHEMBL5705864,NS3 protease,4
CN1Cc2ccc(NC(=O)c3cc(Cl)cc4[nH]ncc34)cc2C1,99.5,4.002176919254275,0,99500.0,nM,'>',dengue virus type 4,CHEMBL5705864,NS3 protease,4
O=C(Nc1cc(Cl)cc([C@H]2CN(Cc3ccccc3)C[C@@H]2c2cccc(-c3nn[nH]n3)c2)c1)OCc1ccccc1,6.834,5.165325025537256,1,6834.0,nM,'=',dengue virus type 4,CHEMBL5705864,NS3 protease,4
O=C(Nc1cc(Cl)cc([C@H](C#CCO)Nc2cccc(-c3nn[nH]n3)c2)c1)OCc1ccccc1,15.913,4.798247937221748,0,15913.0,nM,'=',dengue virus type 4,CHEMBL5705864,NS3 protease,4
NCc1cccc([C@H]2C[C@@H]2c2cc(Cl)cc(NC(=O)OCc3ccccc3)c2)c1,7.937,5.100343619694365,1,7937.0,nM,'=',dengue virus type 4,CHEMBL5705864,NS3 protease,4
O=C1Cc2c(cc(F)cc2C(=O)Nc2ccc3c(c2)CNC3)N1,53.673,4.270244129567943,0,53673.0,nM,'=',dengue virus type 4,CHEMBL5705864,NS3 protease,4
O=C(Nc1ccc2c(c1)CNC2)c1cc(F)cc2[nH]c(-c3ccccc3)nc12,5.405,5.267204301710671,1,5405.0,nM,'=',dengue virus type 4,CHEMBL5705864,NS3 protease,4
O=C(Nc1ccc2c(c1)CNC2)c1cc(Cl)cc(C(F)(F)F)n1,22.968,4.63887682051155,0,22968.0,nM,'=',dengue virus type 4,CHEMBL5705864,NS3 protease,4
C=CC[C@H]1NCc2cc(N[C@H](C(=O)NC(C)C)c3cc(Cl)cc4[nH]ncc34)ccc21,99.5,4.002176919254275,0,99500.0,nM,'>',dengue virus type 4,CHEMBL5705864,NS3 protease,4
O=C(Nc1cc2c(c(C3=CCS(=O)(=O)CC3)c1)CNC2)c1cc(F)cc2[nH]ncc12,49.988,4.301134238849321,0,49988.0,nM,'=',dengue virus type 4,CHEMBL5705864,NS3 protease,4
COc1cccc(-c2nc3c(C(=O)Nc4ccc5c(c4)CNC5)cc(F)cc3[nH]2)c1,5.321,5.274006741075278,1,5321.0,nM,'=',dengue virus type 4,CHEMBL5705864,NS3 protease,4
O=C(Nc1ccc2c(c1)CNC2)c1cccc2c(C3CNC3)n[nH]c12,32.175,4.492481444423576,0,32175.0,nM,'=',dengue virus type 4,CHEMBL5705864,NS3 protease,4
O=C(Nc1ccc2c(c1)CNC2)c1cc(F)cc2[nH]c(-c3ccccc3F)nc12,5.232,5.2813322646837895,1,5232.0,nM,'=',dengue virus type 4,CHEMBL5705864,NS3 protease,4
COc1cc(-c2cc(NC(=O)c3cc(F)cc4[nH]ncc34)cc3c2CNC3)ccn1,42.482,4.371795045398399,0,42482.0,nM,'=',dengue virus type 4,CHEMBL5705864,NS3 protease,4
O=C(Nc1ccc2c(c1)CNC2)c1ccc2c(C3=CCNCC3)csc2c1,70.031,4.1547096721472085,0,70031.0,nM,'=',dengue virus type 4,CHEMBL5705864,NS3 protease,4
O=C(Nc1ccc2c(c1)CNCC2)c1cc(Cl)cc2[nH]ncc12,99.5,4.002176919254275,0,99500.0,nM,'>',dengue virus type 4,CHEMBL5705864,NS3 protease,4
N=C(N)NCCC[C@H](NC(=O)c1nccs1)C(=O)N[C@@H](CCCCN)C(=O)N[C@@H](C(N)=O)c1ccc(OCc2ccc(C(F)(F)F)cc2)cc1,2.575,5.5892227666227905,1,2575.0,nM,'=',dengue virus type 4,CHEMBL5705864,NS3 protease,4
O=C(Nc1ccc2c(c1)CNC2)c1cccc2[nH]c(=O)[nH]c12,74.491,4.127896195526192,0,74491.0,nM,'=',dengue virus type 4,CHEMBL5705864,NS3 protease,4
O=C1Cc2c(cc(Br)cc2C(=O)Nc2ccc3c(c2)CNC3)N1,87.949,4.055769094204825,0,87949.0,nM,'=',dengue virus type 4,CHEMBL5705864,NS3 protease,4
O=C(NC1CCOCC1)[C@H](Nc1ccc2c(c1)CNC2)c1cc(Cl)cc(C2CC2)c1,99.5,4.002176919254275,0,99500.0,nM,'>',dengue virus type 4,CHEMBL5705864,NS3 protease,4
Cn1cc(CNC(=O)[C@H](Nc2ccc3c(c2)CNC3)c2cc(Cl)cc(C3CC3)c2)cn1,99.5,4.002176919254275,0,99500.0,nM,'>',dengue virus type 4,CHEMBL5705864,NS3 protease,4
Cc1c(C(=O)Nc2cc([C@H]3CCOC3)ccn2)cc(C2CC2)n1C,99.5,4.002176919254275,0,99500.0,nM,'>',dengue virus type 4,CHEMBL5705864,NS3 protease,4
O=C(NCC(F)F)[C@H](Nc1ccc2c(c1)CNC2)c1cc(F)cc2[nH]ncc12,99.5,4.002176919254275,0,99500.0,nM,'>',dengue virus type 4,CHEMBL5705864,NS3 protease,4
O=C(Nc1ccc2c(c1)CNC2)c1cccc2nc(O)ccc12,99.5,4.002176919254275,0,99500.0,nM,'>',dengue virus type 4,CHEMBL5705864,NS3 protease,4
O=C(Nc1ccc2c(c1)CNC2)c1cccc2[nH]c(C(F)(F)F)cc12,99.5,4.002176919254275,0,99500.0,nM,'>',dengue virus type 4,CHEMBL5705864,NS3 protease,4
O=C(Nc1ccc2c(c1)CNC2)c1cc(Br)cc2[nH]c(-c3ccccc3)nc12,2.956,5.5292955702772115,1,2956.0,nM,'=',dengue virus type 4,CHEMBL5705864,NS3 protease,4
O=C1Cc2cc(C(=O)Nc3ccc4c(c3)CNC4)ccc2N1,8.206,5.0858684873691065,1,8206.0,nM,'=',dengue virus type 4,CHEMBL5705864,NS3 protease,4
O=C(Nc1ccc2c(c1)CNC2)c1cccc2cn[nH]c12,44.972,4.3470577980080085,0,44972.0,nM,'=',dengue virus type 4,CHEMBL5705864,NS3 protease,4
N#Cc1cc2c(cc1NC(=O)c1cc(F)cc3[nH]ncc13)CNC2,36.934,4.432573655147426,0,36934.0,nM,'=',dengue virus type 4,CHEMBL5705864,NS3 protease,4
NCCc1csc2cc(C(=O)Nc3cc([C@H]4CCOC4)ccn3)ccc12,99.5,4.002176919254275,0,99500.0,nM,'>',dengue virus type 4,CHEMBL5705864,NS3 protease,4
O=C(Nc1ccc2c(c1)CNC2)c1ccc2[nH]cc(C3CCNCC3)c2c1,36.746,4.434789929300188,0,36746.0,nM,'=',dengue virus type 4,CHEMBL5705864,NS3 protease,4
N=C(N)NCCC[C@H](NC(=O)c1nccs1)C(=O)N[C@@H](CCCCN)C(=O)N[C@@H](C(N)=O)c1ccc(OCc2ccc(C(F)(F)F)cc2)cc1,1.738,5.7599502278873524,1,1738.0,nM,'=',dengue virus type 4,CHEMBL5705864,NS3 protease,4
NCc1ccc([C@H]2C[C@@H]2c2cc(Cl)cc(NC(=O)OCc3ccccc3)c2)cc1,6.873,5.16285365609094,1,6873.0,nM,'=',dengue virus type 4,CHEMBL5705864,NS3 protease,4
O=C(Nc1cc(Cl)cc(-c2ccc3[nH]c(C(=O)O)cc3c2)c1)OCc1ccccc1,6.916,5.160145015398115,1,6916.0,nM,'=',dengue virus type 4,CHEMBL5705864,NS3 protease,4
O=C(Nc1ccc2c(c1)CNC2)c1cc(Cl)cc2cn[nH]c12,99.5,4.002176919254275,0,99500.0,nM,'>',dengue virus type 4,CHEMBL5705864,NS3 protease,4
Cc1nc2c(C(=O)Nc3ccc4c(c3)CNC4)cc(Cl)cc2[nH]1,26.724,4.573098536918337,0,26724.0,nM,'=',dengue virus type 4,CHEMBL5705864,NS3 protease,4
Cc1cccc(-c2nc3c(C(=O)Nc4ccc5c(c4)CNC5)cc(Cl)cc3[nH]2)c1O,3.539,5.451119437362485,1,3539.0,nM,'=',dengue virus type 4,CHEMBL5705864,NS3 protease,4
Clc1cc([C@@H]2C[C@H]2c2cccc(C3CCNCC3)c2)c2cn[nH]c2c1,5.838,5.233735909348004,1,5838.0,nM,'=',dengue virus type 4,CHEMBL5705864,NS3 protease,4
Cn1c(=O)[nH]c2c(C(=O)Nc3ccc4c(c3)CNC4)cc(Br)cc21,99.5,4.002176919254275,0,99500.0,nM,'>',dengue virus type 4,CHEMBL5705864,NS3 protease,4
O=C(Nc1cc(Br)c2c(c1)CNC2)c1cc(F)cc2[nH]ncc12,99.5,4.002176919254275,0,99500.0,nM,'>',dengue virus type 4,CHEMBL5705864,NS3 protease,4
Clc1cc(CNc2ccc3c(c2)CNC3)c2cn[nH]c2c1,38.774,4.411459394032273,0,38774.0,nM,'=',dengue virus type 4,CHEMBL5705864,NS3 protease,4
O=C(Nc1ccc2c(c1)CNC2)c1cc(F)cc2[nH]c(-c3ccc(F)cc3)nc12,3.65,5.437707135543525,1,3650.0,nM,'=',dengue virus type 4,CHEMBL5705864,NS3 protease,4
Cc1cccc(-c2nc3c(C(=O)Nc4ccc5c(c4)CNC5)cc(F)cc3[nH]2)c1,5.904,5.228853651185015,1,5904.0,nM,'=',dengue virus type 4,CHEMBL5705864,NS3 protease,4
CC(C)NC(=O)[C@H](Nc1ccc2c(c1)CNC2)c1cc(Cl)cc2[nH]c(-c3ccccc3)nc12,14.644,4.834340279790506,0,14644.0,nM,'=',dengue virus type 4,CHEMBL5705864,NS3 protease,4
O=C(Nc1ccc2c(c1)CNC2)c1cc(Br)cc2[nH]ccc12,33.752,4.471700487626175,0,33752.0,nM,'=',dengue virus type 4,CHEMBL5705864,NS3 protease,4
OCC#C[C@H](Nc1ccc2c(c1)CNC2)c1cc(Cl)cc2[nH]ncc12,22.28,4.652084813498309,0,22280.0,nM,'=',dengue virus type 4,CHEMBL5705864,NS3 protease,4
O=C(NCC(F)F)[C@H](Nc1ccc2c(c1)CNC2)c1cc(F)cc2[nH]ccc12,99.5,4.002176919254275,0,99500.0,nM,'>',dengue virus type 4,CHEMBL5705864,NS3 protease,4
C=CC[C@H]1NCc2cc(NC(=O)c3cc(Cl)cc4[nH]ncc34)ccc21,99.5,4.002176919254275,0,99500.0,nM,'>',dengue virus type 4,CHEMBL5705864,NS3 protease,4
CNC(=O)[C@H](Nc1cc(Cl)cc(NC(=O)OCc2ccccc2)c1)c1cccc(-c2nn[nH]n2)c1,61.597,4.210440439055912,0,61597.0,nM,'=',dengue virus type 4,CHEMBL5705864,NS3 protease,4
N=C(N)NCCC[C@H](NC(=O)c1nccs1)C(=O)N[C@@H](CCCCN)C(=O)N[C@@H](C(N)=O)c1ccc(OCc2ccc(C(F)(F)F)cc2)cc1,1.859,5.730720610228102,1,1859.0,nM,'=',dengue virus type 4,CHEMBL5705864,NS3 protease,4
O=C(Nc1ccc2c(c1)CNC2)c1cc(Cl)cc2nn(-c3ccccc3)nc12,5.254,5.279509931549948,1,5254.0,nM,'=',dengue virus type 4,CHEMBL5705864,NS3 protease,4
O=C1Cc2cc(C(=O)Nc3ccc4c(c3)CNC4)ccc2N1,14.015,4.853406897903695,0,14015.0,nM,'=',dengue virus type 4,CHEMBL5705864,NS3 protease,4
N=C(N)NCCC[C@H](NC(=O)c1nccs1)C(=O)N[C@@H](CCCCN)C(=O)N[C@@H](C(N)=O)c1ccc(OCc2ccc(C(F)(F)F)cc2)cc1,2.669,5.573651426212493,1,2669.0,nM,'=',dengue virus type 4,CHEMBL5705864,NS3 protease,4
CCc1cc(C(=O)Nc2cccc(-n3nn[nH]c3=O)c2)sc1-c1ccc(Cl)cc1,13.062,4.883990320575262,0,13062.0,nM,'=',dengue virus type 4,CHEMBL5705864,NS3 protease,4
O=C(NCCC1CC1)[C@H](Nc1ccc2c(c1)CNC2)c1cc(Cl)cc(C2CC2)c1,99.5,4.002176919254275,0,99500.0,nM,'>',dengue virus type 4,CHEMBL5705864,NS3 protease,4
CC(C)NC(=O)[C@H](Nc1ccc2c(c1)CNC2)c1cc(Cl)cc2[nH]ncc12,49.803,4.302744495710085,0,49803.0,nM,'=',dengue virus type 4,CHEMBL5705864,NS3 protease,4
N=C(N)NCCC[C@H](NC(=O)c1nccs1)C(=O)N[C@@H](CCCCN)C(=O)N[C@@H](C(N)=O)c1ccc(OCc2ccc(C(F)(F)F)cc2)cc1,1.143,5.941953769604718,1,1143.0,nM,'=',dengue virus type 4,CHEMBL5705864,NS3 protease,4
CCOCCNC(=O)[C@H](Nc1ccc2c(c1)CNC2)c1cc(Cl)cc2[nH]ncc12,99.5,4.002176919254275,0,99500.0,nM,'>',dengue virus type 4,CHEMBL5705864,NS3 protease,4
Cc1c(C(=O)Nc2cc(-c3cccnc3)ccn2)cc(C2CC2)n1C,6.829,5.165642887281595,1,6829.0,nM,'=',dengue virus type 4,CHEMBL5705864,NS3 protease,4
N#Cc1cccc(-c2nc3c(C(=O)Nc4ccc5c(c4)CNC5)cc(F)cc3[nH]2)c1,2.861,5.543482142194737,1,2861.0,nM,'=',dengue virus type 4,CHEMBL5705864,NS3 protease,4
